item,itemLabel,value,website
http://www.wikidata.org/entity/Q1430905,Aurillac Airport,2096,https://www.caba.fr/fr/aeroport/
http://www.wikidata.org/entity/Q1432617,Rodez-Aveyron Airport,1910,http://www.aeroport-rodez.fr/
http://www.wikidata.org/entity/Q1430810,Annecy – Haute-Savoie – Mont Blanc Airport,1521,https://www.annecy-airport.com/
http://www.wikidata.org/entity/Q2901339,Atuona Airport,1481,
http://www.wikidata.org/entity/Q645232,Saint-Étienne-Loire Airport,1325,https://saint-etienne.aeroport.fr/
http://www.wikidata.org/entity/Q1431422,Grenoble-Isère Airport,1302,http://www.grenoble-airport.com
http://www.wikidata.org/entity/Q764655,Limoges – Bellegarde Airport,1300,http://www.aeroportlimoges.com
http://www.wikidata.org/entity/Q1431952,Tarbes-Lourdes-Pyrénées Airport,1260,http://www.tlp.aeroport.fr
http://www.wikidata.org/entity/Q2875786,Épinal – Mirecourt Airport,1084,http://www.epinal-mirecourt.aeroport.fr/en/index.php
http://www.wikidata.org/entity/Q2875548,Montbéliard – Courcelles Aerodrome,1041,http://lfsm.free.fr/
http://www.wikidata.org/entity/Q247165,Brive – Souillac Airport,1016,http://www.aeroport-brive-vallee-dordogne.com
http://www.wikidata.org/entity/Q2875408,Bar-le-Duc - Les Hauts-de-Chée Airport,899,
http://www.wikidata.org/entity/Q1432038,Metz-Nancy-Lorraine Airport,870,http://www.metz-nancy-lorraine.aeroport.fr
http://www.wikidata.org/entity/Q1836793,Chambley-Bussières Air Base,864,
http://www.wikidata.org/entity/Q2876024,Le Puy – Loudes Airport,832,
http://www.wikidata.org/entity/Q2718975,Saint-Yan Airport,797,http://www.aeroportsaintyan.fr/
http://www.wikidata.org/entity/Q305185,Lunéville-Croismare Airport,790,
http://www.wikidata.org/entity/Q1338842,Castres–Mazamet Airport,784,http://www.castres-mazamet.aeroport.fr
http://www.wikidata.org/entity/Q1431076,Chambéry Airport,779,http://www.chambery-airport.com/
http://www.wikidata.org/entity/Q15990702,Dijon-Bourgogne Airport,728,http://dijon.aeroport.fr/
